,State,year_month,counts
0,AL,2016-06,18
1,AL,2016-07,21
2,AL,2016-08,21
3,AL,2016-09,15
4,AL,2016-10,23
5,AL,2016-11,13
6,AL,2016-12,24
7,AL,2017-01,31
8,AL,2017-02,13
9,AL,2017-03,25
10,AL,2017-04,26
11,AL,2017-05,72
12,AL,2017-06,69
13,AL,2017-07,138
14,AL,2017-08,665
15,AL,2017-09,522
16,AL,2017-10,385
17,AL,2017-11,334
18,AL,2017-12,624
19,AL,2018-01,761
20,AL,2018-02,728
21,AL,2018-03,1104
22,AL,2018-04,1048
23,AL,2018-05,1112
24,AL,2018-06,956
25,AL,2018-07,769
26,AL,2018-08,1166
27,AL,2018-09,1351
28,AL,2018-10,1729
29,AL,2018-11,1719
30,AL,2018-12,1652
31,AL,2019-01,1593
32,AL,2019-02,1529
33,AL,2019-03,1806
34,AL,2019-04,1754
35,AL,2019-05,1628
36,AL,2019-06,1588
37,AL,2019-07,1502
38,AL,2019-08,1362
39,AL,2019-09,1456
40,AL,2019-10,1955
41,AL,2019-11,1578
42,AL,2019-12,1488
43,AL,2020-01,1646
44,AL,2020-02,1418
45,AL,2020-03,1292
46,AL,2020-04,961
47,AL,2020-05,1341
48,AL,2020-06,1592
49,AL,2020-07,1089
50,AL,2020-08,1110
51,AL,2020-09,1700
52,AL,2020-10,2484
53,AL,2020-11,3031
54,AL,2020-12,2980
55,AR,2016-06,6
56,AR,2016-07,3
57,AR,2016-08,2
58,AR,2016-09,3
59,AR,2016-10,6
60,AR,2016-11,3
61,AR,2016-12,3
62,AR,2017-01,9
63,AR,2017-02,17
64,AR,2017-03,15
65,AR,2017-04,16
66,AR,2017-05,4
67,AR,2017-07,2
68,AR,2017-08,16
69,AR,2017-09,15
70,AR,2017-10,16
71,AR,2017-11,9
72,AR,2017-12,15
73,AR,2018-01,23
74,AR,2018-02,57
75,AR,2018-03,31
76,AR,2018-04,52
77,AR,2018-05,47
78,AR,2018-06,29
79,AR,2018-07,18
80,AR,2018-08,35
81,AR,2018-09,67
82,AR,2018-10,64
83,AR,2018-11,95
84,AR,2018-12,80
85,AR,2019-01,85
86,AR,2019-02,112
87,AR,2019-03,65
88,AR,2019-04,107
89,AR,2019-05,113
90,AR,2019-06,104
91,AR,2019-07,81
92,AR,2019-08,50
93,AR,2019-09,65
94,AR,2019-10,96
95,AR,2019-11,53
96,AR,2019-12,60
97,AR,2020-01,50
98,AR,2020-02,24
99,AR,2020-03,49
100,AR,2020-04,35
101,AR,2020-05,33
102,AR,2020-06,72
103,AR,2020-07,13
104,AR,2020-08,33
105,AR,2020-09,385
106,AR,2020-10,725
107,AR,2020-11,943
108,AR,2020-12,994
109,AZ,2016-06,123
110,AZ,2016-07,416
111,AZ,2016-08,451
112,AZ,2016-09,377
113,AZ,2016-10,491
114,AZ,2016-11,483
115,AZ,2016-12,429
116,AZ,2017-01,305
117,AZ,2017-02,294
118,AZ,2017-03,399
119,AZ,2017-04,266
120,AZ,2017-05,438
121,AZ,2017-06,316
122,AZ,2017-07,518
123,AZ,2017-08,2087
124,AZ,2017-09,2297
125,AZ,2017-10,1790
126,AZ,2017-11,1872
127,AZ,2017-12,1745
128,AZ,2018-01,2167
129,AZ,2018-02,1720
130,AZ,2018-03,1633
131,AZ,2018-04,1706
132,AZ,2018-05,1938
133,AZ,2018-06,1629
134,AZ,2018-07,1639
135,AZ,2018-08,2397
136,AZ,2018-09,1786
137,AZ,2018-10,1924
138,AZ,2018-11,2253
139,AZ,2018-12,1906
140,AZ,2019-01,2074
141,AZ,2019-02,1712
142,AZ,2019-03,1825
143,AZ,2019-04,1881
144,AZ,2019-05,1961
145,AZ,2019-06,1849
146,AZ,2019-07,2215
147,AZ,2019-08,2599
148,AZ,2019-09,2373
149,AZ,2019-10,2321
150,AZ,2019-11,1975
151,AZ,2019-12,1744
152,AZ,2020-01,1717
153,AZ,2020-02,1739
154,AZ,2020-03,2522
155,AZ,2020-04,3337
156,AZ,2020-05,3372
157,AZ,2020-06,3574
158,AZ,2020-07,1055
159,AZ,2020-08,777
160,AZ,2020-09,1743
161,AZ,2020-10,2894
162,AZ,2020-11,4026
163,AZ,2020-12,4023
164,CA,2016-03,4279
165,CA,2016-04,14221
166,CA,2016-05,13988
167,CA,2016-06,14649
168,CA,2016-07,12664
169,CA,2016-08,16228
170,CA,2016-09,15954
171,CA,2016-10,15877
172,CA,2016-11,17666
173,CA,2016-12,14925
174,CA,2017-01,14567
175,CA,2017-02,14406
176,CA,2017-03,14680
177,CA,2017-04,14572
178,CA,2017-05,11398
179,CA,2017-06,12600
180,CA,2017-07,11003
181,CA,2017-08,12313
182,CA,2017-09,12467
183,CA,2017-10,11745
184,CA,2017-11,12057
185,CA,2017-12,10855
186,CA,2018-01,12362
187,CA,2018-02,11489
188,CA,2018-03,14826
189,CA,2018-04,13768
190,CA,2018-05,13594
191,CA,2018-06,12653
192,CA,2018-07,14052
193,CA,2018-08,15338
194,CA,2018-09,14146
195,CA,2018-10,14487
196,CA,2018-11,12475
197,CA,2018-12,7582
198,CA,2019-01,12403
199,CA,2019-02,10745
200,CA,2019-03,11653
201,CA,2019-04,11356
202,CA,2019-05,12445
203,CA,2019-06,10043
204,CA,2019-07,9297
205,CA,2019-08,13716
206,CA,2019-09,31522
207,CA,2019-10,35333
208,CA,2019-11,19828
209,CA,2019-12,35007
210,CA,2020-01,29393
211,CA,2020-02,28115
212,CA,2020-03,28161
213,CA,2020-04,21958
214,CA,2020-05,21295
215,CA,2020-06,24635
216,CA,2020-07,5208
217,CA,2020-08,5919
218,CA,2020-09,13946
219,CA,2020-10,24341
220,CA,2020-11,50180
221,CA,2020-12,56200
222,CO,2016-06,63
223,CO,2016-07,194
224,CO,2016-08,233
225,CO,2016-09,217
226,CO,2016-10,217
227,CO,2016-11,201
228,CO,2016-12,199
229,CO,2017-01,178
230,CO,2017-02,133
231,CO,2017-03,138
232,CO,2017-04,170
233,CO,2017-05,218
234,CO,2017-06,207
235,CO,2017-07,253
236,CO,2017-08,1209
237,CO,2017-09,1179
238,CO,2017-10,1281
239,CO,2017-11,1068
240,CO,2017-12,1058
241,CO,2018-01,1139
242,CO,2018-02,1147
243,CO,2018-03,1085
244,CO,2018-04,956
245,CO,2018-05,1230
246,CO,2018-06,1004
247,CO,2018-07,866
248,CO,2018-08,1249
249,CO,2018-09,1290
250,CO,2018-10,1323
251,CO,2018-11,1531
252,CO,2018-12,1302
253,CO,2019-01,1750
254,CO,2019-02,1300
255,CO,2019-03,1330
256,CO,2019-04,1490
257,CO,2019-05,1652
258,CO,2019-06,1427
259,CO,2019-07,1449
260,CO,2019-08,1559
261,CO,2019-09,1148
262,CO,2019-10,1681
263,CO,2019-11,1549
264,CO,2019-12,1255
265,CO,2020-01,1230
266,CO,2020-02,1505
267,CO,2020-03,1512
268,CO,2020-04,1794
269,CO,2020-05,1506
270,CO,2020-06,2055
271,CO,2020-07,621
272,CO,2020-08,591
273,CO,2020-09,772
274,CO,2020-10,907
275,CO,2020-11,694
276,CO,2020-12,720
277,CT,2016-03,78
278,CT,2016-04,251
279,CT,2016-05,243
280,CT,2016-06,364
281,CT,2016-07,453
282,CT,2016-08,490
283,CT,2016-09,483
284,CT,2016-10,534
285,CT,2016-11,714
286,CT,2016-12,591
287,CT,2017-01,539
288,CT,2017-02,533
289,CT,2017-03,596
290,CT,2017-04,436
291,CT,2017-05,426
292,CT,2017-06,569
293,CT,2017-07,519
294,CT,2017-08,613
295,CT,2017-09,561
296,CT,2017-10,666
297,CT,2017-11,693
298,CT,2017-12,584
299,CT,2018-01,595
300,CT,2018-02,528
301,CT,2018-03,483
302,CT,2018-04,555
303,CT,2018-05,553
304,CT,2018-06,566
305,CT,2018-07,466
306,CT,2018-08,423
307,CT,2018-09,526
308,CT,2018-10,615
309,CT,2018-11,594
310,CT,2018-12,509
311,CT,2019-01,456
312,CT,2019-02,442
313,CT,2019-03,461
314,CT,2019-04,416
315,CT,2019-05,458
316,CT,2019-06,462
317,CT,2019-07,428
318,CT,2019-08,418
319,CT,2019-09,428
320,CT,2019-10,550
321,CT,2019-11,464
322,CT,2019-12,472
323,CT,2020-01,519
324,CT,2020-02,679
325,CT,2020-03,526
326,CT,2020-04,532
327,CT,2020-05,402
328,CT,2020-06,439
329,CT,2020-07,195
330,CT,2020-08,199
331,CT,2020-09,1099
332,CT,2020-10,1744
333,CT,2020-11,1771
334,CT,2020-12,1611
335,DC,2016-06,33
336,DC,2016-07,54
337,DC,2016-08,67
338,DC,2016-09,71
339,DC,2016-10,50
340,DC,2016-11,98
341,DC,2016-12,81
342,DC,2017-01,79
343,DC,2017-02,78
344,DC,2017-03,62
345,DC,2017-04,53
346,DC,2017-05,45
347,DC,2017-06,39
348,DC,2017-07,41
349,DC,2017-08,78
350,DC,2017-09,77
351,DC,2017-10,53
352,DC,2017-11,53
353,DC,2017-12,105
354,DC,2018-01,109
355,DC,2018-02,124
356,DC,2018-03,86
357,DC,2018-04,93
358,DC,2018-05,95
359,DC,2018-06,85
360,DC,2018-07,57
361,DC,2018-08,47
362,DC,2018-09,65
363,DC,2018-10,68
364,DC,2018-11,53
365,DC,2018-12,69
366,DC,2019-01,102
367,DC,2019-02,136
368,DC,2019-03,152
369,DC,2019-04,156
370,DC,2019-05,157
371,DC,2019-06,149
372,DC,2019-07,147
373,DC,2019-08,105
374,DC,2019-09,101
375,DC,2019-10,111
376,DC,2019-11,57
377,DC,2019-12,112
378,DC,2020-01,66
379,DC,2020-02,42
380,DC,2020-03,153
381,DC,2020-04,366
382,DC,2020-05,306
383,DC,2020-06,235
384,DC,2020-07,8
385,DC,2020-08,27
386,DC,2020-09,283
387,DC,2020-10,479
388,DC,2020-11,436
389,DC,2020-12,457
390,DE,2016-03,8
391,DE,2016-04,18
392,DE,2016-05,16
393,DE,2016-06,37
394,DE,2016-07,30
395,DE,2016-08,37
396,DE,2016-09,30
397,DE,2016-10,32
398,DE,2016-11,45
399,DE,2016-12,26
400,DE,2017-01,26
401,DE,2017-02,29
402,DE,2017-03,20
403,DE,2017-04,25
404,DE,2017-05,50
405,DE,2017-06,41
406,DE,2017-07,48
407,DE,2017-08,117
408,DE,2017-09,165
409,DE,2017-10,118
410,DE,2017-11,117
411,DE,2017-12,135
412,DE,2018-01,97
413,DE,2018-02,134
414,DE,2018-03,198
415,DE,2018-04,118
416,DE,2018-05,202
417,DE,2018-06,140
418,DE,2018-07,116
419,DE,2018-08,102
420,DE,2018-09,44
421,DE,2018-10,185
422,DE,2018-11,143
423,DE,2018-12,165
424,DE,2019-01,138
425,DE,2019-02,96
426,DE,2019-03,77
427,DE,2019-04,144
428,DE,2019-05,125
429,DE,2019-06,138
430,DE,2019-07,150
431,DE,2019-08,130
432,DE,2019-09,104
433,DE,2019-10,153
434,DE,2019-11,200
435,DE,2019-12,165
436,DE,2020-01,157
437,DE,2020-02,201
438,DE,2020-03,209
439,DE,2020-04,300
440,DE,2020-05,217
441,DE,2020-06,221
442,DE,2020-07,129
443,DE,2020-08,124
444,DE,2020-09,190
445,DE,2020-10,242
446,DE,2020-11,249
447,DE,2020-12,235
448,FL,2016-06,1864
449,FL,2016-07,4998
450,FL,2016-08,6289
451,FL,2016-09,5620
452,FL,2016-10,5324
453,FL,2016-11,6620
454,FL,2016-12,6318
455,FL,2017-01,5523
456,FL,2017-02,4937
457,FL,2017-03,6616
458,FL,2017-04,4359
459,FL,2017-05,3902
460,FL,2017-06,4076
461,FL,2017-07,3255
462,FL,2017-08,6632
463,FL,2017-09,4715
464,FL,2017-10,5429
465,FL,2017-11,5642
466,FL,2017-12,5584
467,FL,2018-01,5134
468,FL,2018-02,4925
469,FL,2018-03,5577
470,FL,2018-04,5494
471,FL,2018-05,5935
472,FL,2018-06,4891
473,FL,2018-07,5004
474,FL,2018-08,6143
475,FL,2018-09,4872
476,FL,2018-10,6760
477,FL,2018-11,5700
478,FL,2018-12,5305
479,FL,2019-01,5046
480,FL,2019-02,4269
481,FL,2019-03,4732
482,FL,2019-04,5250
483,FL,2019-05,5065
484,FL,2019-06,5075
485,FL,2019-07,5165
486,FL,2019-08,5280
487,FL,2019-09,4565
488,FL,2019-10,5780
489,FL,2019-11,5206
490,FL,2019-12,4868
491,FL,2020-01,5269
492,FL,2020-02,5294
493,FL,2020-03,5737
494,FL,2020-04,5634
495,FL,2020-05,5722
496,FL,2020-06,6600
497,FL,2020-07,3312
498,FL,2020-08,3413
499,FL,2020-09,15285
500,FL,2020-10,23284
501,FL,2020-11,29949
502,FL,2020-12,36888
503,GA,2016-06,781
504,GA,2016-07,1616
505,GA,2016-08,1957
506,GA,2016-09,2166
507,GA,2016-10,2126
508,GA,2016-11,2316
509,GA,2016-12,2280
510,GA,2017-01,1941
511,GA,2017-02,1780
512,GA,2017-03,1952
513,GA,2017-04,1479
514,GA,2017-05,1521
515,GA,2017-06,1599
516,GA,2017-07,1613
517,GA,2017-08,2050
518,GA,2017-09,1925
519,GA,2017-10,2201
520,GA,2017-11,2009
521,GA,2017-12,1989
522,GA,2018-01,2022
523,GA,2018-02,1944
524,GA,2018-03,2039
525,GA,2018-04,1904
526,GA,2018-05,1792
527,GA,2018-06,1922
528,GA,2018-07,1833
529,GA,2018-08,2403
530,GA,2018-09,1840
531,GA,2018-10,2377
532,GA,2018-11,2330
533,GA,2018-12,2201
534,GA,2019-01,2420
535,GA,2019-02,2260
536,GA,2019-03,2038
537,GA,2019-04,2196
538,GA,2019-05,2352
539,GA,2019-06,2026
540,GA,2019-07,1648
541,GA,2019-08,1915
542,GA,2019-09,1398
543,GA,2019-10,2059
544,GA,2019-11,1562
545,GA,2019-12,1837
546,GA,2020-01,1594
547,GA,2020-02,1646
548,GA,2020-03,1630
549,GA,2020-04,1604
550,GA,2020-05,1706
551,GA,2020-06,1811
552,GA,2020-07,1067
553,GA,2020-08,1052
554,GA,2020-09,2232
555,GA,2020-10,2669
556,GA,2020-11,3356
557,GA,2020-12,3130
558,IA,2016-03,41
559,IA,2016-04,92
560,IA,2016-05,129
561,IA,2016-06,156
562,IA,2016-07,132
563,IA,2016-08,147
564,IA,2016-09,237
565,IA,2016-10,318
566,IA,2016-11,366
567,IA,2016-12,387
568,IA,2017-01,314
569,IA,2017-02,313
570,IA,2017-03,231
571,IA,2017-04,256
572,IA,2017-05,169
573,IA,2017-06,219
574,IA,2017-07,261
575,IA,2017-08,260
576,IA,2017-09,212
577,IA,2017-10,169
578,IA,2017-11,310
579,IA,2017-12,302
580,IA,2018-01,208
581,IA,2018-02,370
582,IA,2018-03,193
583,IA,2018-04,232
584,IA,2018-05,211
585,IA,2018-06,196
586,IA,2018-07,137
587,IA,2018-08,174
588,IA,2018-09,123
589,IA,2018-10,196
590,IA,2018-11,228
591,IA,2018-12,215
592,IA,2019-01,365
593,IA,2019-02,313
594,IA,2019-03,155
595,IA,2019-04,163
596,IA,2019-05,190
597,IA,2019-06,164
598,IA,2019-07,203
599,IA,2019-08,229
600,IA,2019-09,217
601,IA,2019-10,295
602,IA,2019-11,284
603,IA,2019-12,265
604,IA,2020-01,299
605,IA,2020-02,182
606,IA,2020-03,157
607,IA,2020-04,167
608,IA,2020-05,152
609,IA,2020-06,173
610,IA,2020-07,131
611,IA,2020-08,126
612,IA,2020-09,276
613,IA,2020-10,519
614,IA,2020-11,572
615,IA,2020-12,1104
616,ID,2016-06,37
617,ID,2016-07,82
618,ID,2016-08,62
619,ID,2016-09,47
620,ID,2016-10,49
621,ID,2016-11,59
622,ID,2016-12,83
623,ID,2017-01,78
624,ID,2017-02,56
625,ID,2017-03,37
626,ID,2017-04,24
627,ID,2017-05,33
628,ID,2017-06,24
629,ID,2017-07,39
630,ID,2017-08,33
631,ID,2017-09,16
632,ID,2017-10,11
633,ID,2017-11,7
634,ID,2017-12,10
635,ID,2018-01,8
636,ID,2018-02,30
637,ID,2018-03,45
638,ID,2018-04,31
639,ID,2018-05,44
640,ID,2018-06,31
641,ID,2018-07,51
642,ID,2018-08,42
643,ID,2018-09,39
644,ID,2018-10,40
645,ID,2018-11,28
646,ID,2018-12,29
647,ID,2019-01,52
648,ID,2019-02,66
649,ID,2019-03,28
650,ID,2019-04,25
651,ID,2019-05,44
652,ID,2019-06,39
653,ID,2019-07,56
654,ID,2019-08,50
655,ID,2019-09,39
656,ID,2019-10,64
657,ID,2019-11,33
658,ID,2019-12,58
659,ID,2020-01,75
660,ID,2020-02,56
661,ID,2020-03,43
662,ID,2020-04,26
663,ID,2020-05,52
664,ID,2020-06,37
665,ID,2020-07,2
666,ID,2020-08,3
667,ID,2020-09,168
668,ID,2020-10,511
669,ID,2020-11,655
670,ID,2020-12,864
671,IL,2016-04,1
672,IL,2016-06,919
673,IL,2016-07,2195
674,IL,2016-08,2832
675,IL,2016-09,2559
676,IL,2016-10,2590
677,IL,2016-11,3061
678,IL,2016-12,2920
679,IL,2017-01,2392
680,IL,2017-02,2378
681,IL,2017-03,2526
682,IL,2017-04,2337
683,IL,2017-05,1987
684,IL,2017-06,2339
685,IL,2017-07,1730
686,IL,2017-08,1822
687,IL,2017-09,1710
688,IL,2017-10,2247
689,IL,2017-11,2060
690,IL,2017-12,1761
691,IL,2018-01,2306
692,IL,2018-02,2132
693,IL,2018-03,1958
694,IL,2018-04,1565
695,IL,2018-05,1814
696,IL,2018-06,1760
697,IL,2018-07,1872
698,IL,2018-08,1984
699,IL,2018-09,2169
700,IL,2018-10,2749
701,IL,2018-11,2250
702,IL,2018-12,1503
703,IL,2019-01,2055
704,IL,2019-02,1698
705,IL,2019-03,1519
706,IL,2019-04,1666
707,IL,2019-05,1777
708,IL,2019-06,1537
709,IL,2019-07,1362
710,IL,2019-08,1422
711,IL,2019-09,1266
712,IL,2019-10,1871
713,IL,2019-11,1905
714,IL,2019-12,1885
715,IL,2020-01,1837
716,IL,2020-02,1646
717,IL,2020-03,1506
718,IL,2020-04,2202
719,IL,2020-05,2594
720,IL,2020-06,3520
721,IL,2020-07,1074
722,IL,2020-08,1160
723,IL,2020-09,1669
724,IL,2020-10,2954
725,IL,2020-11,2582
726,IL,2020-12,2577
727,IN,2016-02,90
728,IN,2016-03,62
729,IN,2016-04,74
730,IN,2016-05,58
731,IN,2016-06,91
732,IN,2016-07,162
733,IN,2016-08,214
734,IN,2016-09,177
735,IN,2016-10,202
736,IN,2016-11,203
737,IN,2016-12,290
738,IN,2017-01,216
739,IN,2017-02,198
740,IN,2017-03,193
741,IN,2017-04,169
742,IN,2017-05,226
743,IN,2017-06,172
744,IN,2017-07,333
745,IN,2017-08,1347
746,IN,2017-09,1390
747,IN,2017-10,1032
748,IN,2017-11,577
749,IN,2017-12,1093
750,IN,2018-01,1650
751,IN,2018-02,1206
752,IN,2018-03,1032
753,IN,2018-04,1100
754,IN,2018-05,1063
755,IN,2018-06,1105
756,IN,2018-07,1246
757,IN,2018-08,1030
758,IN,2018-09,1421
759,IN,2018-10,1592
760,IN,2018-11,539
761,IN,2018-12,721
762,IN,2019-01,759
763,IN,2019-02,646
764,IN,2019-03,485
765,IN,2019-04,546
766,IN,2019-05,665
767,IN,2019-06,566
768,IN,2019-07,723
769,IN,2019-08,816
770,IN,2019-09,682
771,IN,2019-10,681
772,IN,2019-11,528
773,IN,2019-12,668
774,IN,2020-01,630
775,IN,2020-02,500
776,IN,2020-03,430
777,IN,2020-04,494
778,IN,2020-05,762
779,IN,2020-06,896
780,IN,2020-07,272
781,IN,2020-08,269
782,IN,2020-09,603
783,IN,2020-10,1015
784,IN,2020-11,1009
785,IN,2020-12,1195
786,KS,2016-06,49
787,KS,2016-07,97
788,KS,2016-08,139
789,KS,2016-09,93
790,KS,2016-10,122
791,KS,2016-11,144
792,KS,2016-12,118
793,KS,2017-01,128
794,KS,2017-02,89
795,KS,2017-03,141
796,KS,2017-04,118
797,KS,2017-05,110
798,KS,2017-06,87
799,KS,2017-07,131
800,KS,2017-08,263
801,KS,2017-09,163
802,KS,2017-10,160
803,KS,2017-11,156
804,KS,2017-12,188
805,KS,2018-01,262
806,KS,2018-02,208
807,KS,2018-03,226
808,KS,2018-04,184
809,KS,2018-05,182
810,KS,2018-06,135
811,KS,2018-07,137
812,KS,2018-08,194
813,KS,2018-09,204
814,KS,2018-10,236
815,KS,2018-11,273
816,KS,2018-12,155
817,KS,2019-01,213
818,KS,2019-02,226
819,KS,2019-03,156
820,KS,2019-04,159
821,KS,2019-05,162
822,KS,2019-06,156
823,KS,2019-07,172
824,KS,2019-08,148
825,KS,2019-09,155
826,KS,2019-10,166
827,KS,2019-11,144
828,KS,2019-12,138
829,KS,2020-01,175
830,KS,2020-02,93
831,KS,2020-03,127
832,KS,2020-04,183
833,KS,2020-05,221
834,KS,2020-06,253
835,KS,2020-07,110
836,KS,2020-08,73
837,KS,2020-09,237
838,KS,2020-10,327
839,KS,2020-11,500
840,KS,2020-12,552
841,KY,2016-02,41
842,KY,2016-03,121
843,KY,2016-04,92
844,KY,2016-05,63
845,KY,2016-06,68
846,KY,2016-07,138
847,KY,2016-08,126
848,KY,2016-09,80
849,KY,2016-10,121
850,KY,2016-11,123
851,KY,2016-12,95
852,KY,2017-01,53
853,KY,2017-02,58
854,KY,2017-03,100
855,KY,2017-04,56
856,KY,2017-05,49
857,KY,2017-06,61
858,KY,2017-07,142
859,KY,2017-08,549
860,KY,2017-09,657
861,KY,2017-10,638
862,KY,2017-11,328
863,KY,2017-12,586
864,KY,2018-01,684
865,KY,2018-02,730
866,KY,2018-03,718
867,KY,2018-04,622
868,KY,2018-05,554
869,KY,2018-06,642
870,KY,2018-07,626
871,KY,2018-08,696
872,KY,2018-09,713
873,KY,2018-10,735
874,KY,2018-11,673
875,KY,2018-12,554
876,KY,2019-01,535
877,KY,2019-02,479
878,KY,2019-03,459
879,KY,2019-04,461
880,KY,2019-05,572
881,KY,2019-06,581
882,KY,2019-07,549
883,KY,2019-08,562
884,KY,2019-09,636
885,KY,2019-10,807
886,KY,2019-11,689
887,KY,2019-12,501
888,KY,2020-01,598
889,KY,2020-02,525
890,KY,2020-03,449
891,KY,2020-04,491
892,KY,2020-05,601
893,KY,2020-06,766
894,KY,2020-07,243
895,KY,2020-08,274
896,KY,2020-09,315
897,KY,2020-10,447
898,KY,2020-11,467
899,KY,2020-12,414
900,LA,2016-06,44
901,LA,2016-07,134
902,LA,2016-08,204
903,LA,2016-09,118
904,LA,2016-10,96
905,LA,2016-11,136
906,LA,2016-12,117
907,LA,2017-01,129
908,LA,2017-02,120
909,LA,2017-03,161
910,LA,2017-04,127
911,LA,2017-05,28
912,LA,2017-07,323
913,LA,2017-08,2828
914,LA,2017-09,2815
915,LA,2017-10,2473
916,LA,2017-11,1727
917,LA,2017-12,1501
918,LA,2018-01,1519
919,LA,2018-02,1462
920,LA,2018-03,1887
921,LA,2018-04,2098
922,LA,2018-05,2392
923,LA,2018-06,1580
924,LA,2018-07,1319
925,LA,2018-08,1768
926,LA,2018-09,1654
927,LA,2018-10,1724
928,LA,2018-11,1556
929,LA,2018-12,1465
930,LA,2019-01,1532
931,LA,2019-02,1460
932,LA,2019-03,1650
933,LA,2019-04,1651
934,LA,2019-05,1653
935,LA,2019-06,1487
936,LA,2019-07,1535
937,LA,2019-08,1845
938,LA,2019-09,1975
939,LA,2019-10,1551
940,LA,2019-11,1397
941,LA,2019-12,1238
942,LA,2020-01,1380
943,LA,2020-02,1294
944,LA,2020-03,1516
945,LA,2020-04,1516
946,LA,2020-05,1511
947,LA,2020-06,1815
948,LA,2020-07,1147
949,LA,2020-08,1096
950,LA,2020-09,2305
951,LA,2020-10,3667
952,LA,2020-11,5021
953,LA,2020-12,5813
954,MA,2016-03,35
955,MA,2016-04,66
956,MA,2016-05,84
957,MA,2016-06,315
958,MA,2016-07,673
959,MA,2016-08,797
960,MA,2016-09,690
961,MA,2016-10,703
962,MA,2016-11,963
963,MA,2016-12,871
964,MA,2017-01,927
965,MA,2017-02,953
966,MA,2017-03,724
967,MA,2017-04,502
968,MA,2017-05,408
969,MA,2017-06,574
970,MA,2017-07,544
971,MA,2017-08,834
972,MA,2017-09,862
973,MA,2017-10,937
974,MA,2017-11,993
975,MA,2017-12,786
976,MA,2018-01,999
977,MA,2018-02,843
978,MA,2018-03,618
979,MA,2018-04,591
980,MA,2018-05,897
981,MA,2018-06,884
982,MA,2018-07,511
983,MA,2018-08,751
984,MA,2018-09,716
985,MA,2018-10,973
986,MA,2018-11,941
987,MA,2018-12,701
988,MA,2019-01,926
989,MA,2019-02,802
990,MA,2019-03,700
991,MA,2019-04,727
992,MA,2019-05,778
993,MA,2019-06,644
994,MA,2019-07,727
995,MA,2019-08,674
996,MA,2019-09,769
997,MA,2019-10,927
998,MA,2019-11,786
999,MA,2019-12,886
1000,MA,2020-01,864
1001,MA,2020-02,903
1002,MA,2020-03,930
1003,MA,2020-04,1166
1004,MA,2020-05,1051
1005,MA,2020-06,1120
1006,MA,2020-07,650
1007,MA,2020-08,737
1008,MA,2020-09,806
1009,MA,2020-10,938
1010,MA,2020-11,974
1011,MA,2020-12,964
1012,MD,2016-03,8
1013,MD,2016-04,18
1014,MD,2016-05,19
1015,MD,2016-06,491
1016,MD,2016-07,905
1017,MD,2016-08,1037
1018,MD,2016-09,988
1019,MD,2016-10,1187
1020,MD,2016-11,1421
1021,MD,2016-12,1462
1022,MD,2017-01,1259
1023,MD,2017-02,1102
1024,MD,2017-03,1286
1025,MD,2017-04,1001
1026,MD,2017-05,863
1027,MD,2017-06,1068
1028,MD,2017-07,1013
1029,MD,2017-08,1152
1030,MD,2017-09,1153
1031,MD,2017-10,578
1032,MD,2017-11,719
1033,MD,2017-12,1143
1034,MD,2018-01,1062
1035,MD,2018-02,1032
1036,MD,2018-03,1142
1037,MD,2018-04,897
1038,MD,2018-05,844
1039,MD,2018-06,799
1040,MD,2018-07,732
1041,MD,2018-08,649
1042,MD,2018-09,739
1043,MD,2018-10,1100
1044,MD,2018-11,1098
1045,MD,2018-12,913
1046,MD,2019-01,1177
1047,MD,2019-02,1184
1048,MD,2019-03,1079
1049,MD,2019-04,877
1050,MD,2019-05,1019
1051,MD,2019-06,993
1052,MD,2019-07,1122
1053,MD,2019-08,1041
1054,MD,2019-09,826
1055,MD,2019-10,1155
1056,MD,2019-11,862
1057,MD,2019-12,1112
1058,MD,2020-01,799
1059,MD,2020-02,689
1060,MD,2020-03,1712
1061,MD,2020-04,2898
1062,MD,2020-05,2166
1063,MD,2020-06,2002
1064,MD,2020-07,403
1065,MD,2020-08,484
1066,MD,2020-09,2137
1067,MD,2020-10,3658
1068,MD,2020-11,4297
1069,MD,2020-12,5386
1070,ME,2016-03,1
1071,ME,2016-04,2
1072,ME,2016-06,1
1073,ME,2016-07,20
1074,ME,2016-08,19
1075,ME,2016-09,17
1076,ME,2016-10,15
1077,ME,2016-11,23
1078,ME,2016-12,37
1079,ME,2017-01,37
1080,ME,2017-02,61
1081,ME,2017-03,44
1082,ME,2017-04,36
1083,ME,2017-05,47
1084,ME,2017-06,48
1085,ME,2017-07,62
1086,ME,2017-08,72
1087,ME,2017-09,50
1088,ME,2017-10,38
1089,ME,2017-11,28
1090,ME,2017-12,68
1091,ME,2018-01,54
1092,ME,2018-02,31
1093,ME,2018-03,24
1094,ME,2018-04,39
1095,ME,2018-05,29
1096,ME,2018-06,55
1097,ME,2018-07,94
1098,ME,2018-08,103
1099,ME,2018-09,80
1100,ME,2018-10,64
1101,ME,2018-11,79
1102,ME,2018-12,51
1103,ME,2019-01,40
1104,ME,2019-02,54
1105,ME,2019-03,57
1106,ME,2019-04,40
1107,ME,2019-05,48
1108,ME,2019-06,61
1109,ME,2019-07,80
1110,ME,2019-08,64
1111,ME,2019-09,49
1112,ME,2019-10,57
1113,ME,2019-11,32
1114,ME,2019-12,54
1115,ME,2020-01,38
1116,ME,2020-02,53
1117,ME,2020-03,19
1118,ME,2020-04,17
1119,ME,2020-05,23
1120,ME,2020-06,28
1121,ME,2020-07,2
1122,ME,2020-08,2
1123,ME,2020-09,2
1124,ME,2020-10,28
1125,ME,2020-11,28
1126,ME,2020-12,41
1127,MI,2016-02,10
1128,MI,2016-03,12
1129,MI,2016-04,3
1130,MI,2016-05,4
1131,MI,2016-06,711
1132,MI,2016-07,1946
1133,MI,2016-08,2478
1134,MI,2016-09,2607
1135,MI,2016-10,2659
1136,MI,2016-11,2800
1137,MI,2016-12,3400
1138,MI,2017-01,2724
1139,MI,2017-02,2101
1140,MI,2017-03,2779
1141,MI,2017-04,2041
1142,MI,2017-05,1824
1143,MI,2017-06,2293
1144,MI,2017-07,1953
1145,MI,2017-08,2453
1146,MI,2017-09,2422
1147,MI,2017-10,2385
1148,MI,2017-11,1428
1149,MI,2017-12,3021
1150,MI,2018-01,2772
1151,MI,2018-02,2436
1152,MI,2018-03,2087
1153,MI,2018-04,2058
1154,MI,2018-05,2381
1155,MI,2018-06,1885
1156,MI,2018-07,1626
1157,MI,2018-08,1808
1158,MI,2018-09,1849
1159,MI,2018-10,2002
1160,MI,2018-11,1928
1161,MI,2018-12,1455
1162,MI,2019-01,2471
1163,MI,2019-02,1764
1164,MI,2019-03,1470
1165,MI,2019-04,1531
1166,MI,2019-05,1847
1167,MI,2019-06,1684
1168,MI,2019-07,1732
1169,MI,2019-08,1479
1170,MI,2019-09,1426
1171,MI,2019-10,1889
1172,MI,2019-11,1720
1173,MI,2019-12,1336
1174,MI,2020-01,1633
1175,MI,2020-02,1371
1176,MI,2020-03,1012
1177,MI,2020-04,890
1178,MI,2020-05,1063
1179,MI,2020-06,1328
1180,MI,2020-07,629
1181,MI,2020-08,637
1182,MI,2020-09,1304
1183,MI,2020-10,1964
1184,MI,2020-11,2639
1185,MI,2020-12,2612
1186,MN,2016-03,3
1187,MN,2016-04,4
1188,MN,2016-05,1
1189,MN,2016-06,107
1190,MN,2016-07,316
1191,MN,2016-08,463
1192,MN,2016-09,345
1193,MN,2016-10,413
1194,MN,2016-11,415
1195,MN,2016-12,500
1196,MN,2017-01,491
1197,MN,2017-02,224
1198,MN,2017-03,248
1199,MN,2017-04,295
1200,MN,2017-05,307
1201,MN,2017-06,335
1202,MN,2017-07,538
1203,MN,2017-08,1627
1204,MN,2017-09,1489
1205,MN,2017-10,1360
1206,MN,2017-11,1289
1207,MN,2017-12,2225
1208,MN,2018-01,2245
1209,MN,2018-02,1865
1210,MN,2018-03,1540
1211,MN,2018-04,1775
1212,MN,2018-05,1350
1213,MN,2018-06,1405
1214,MN,2018-07,1361
1215,MN,2018-08,1673
1216,MN,2018-09,1544
1217,MN,2018-10,1681
1218,MN,2018-11,1876
1219,MN,2018-12,1896
1220,MN,2019-01,2360
1221,MN,2019-02,2640
1222,MN,2019-03,1792
1223,MN,2019-04,1509
1224,MN,2019-05,1362
1225,MN,2019-06,1362
1226,MN,2019-07,1347
1227,MN,2019-08,1500
1228,MN,2019-09,1433
1229,MN,2019-10,4364
1230,MN,2019-11,3547
1231,MN,2019-12,6308
1232,MN,2020-01,6329
1233,MN,2020-02,3912
1234,MN,2020-03,2141
1235,MN,2020-04,2045
1236,MN,2020-05,2134
1237,MN,2020-06,2573
1238,MN,2020-07,760
1239,MN,2020-08,694
1240,MN,2020-09,2076
1241,MN,2020-10,4960
1242,MN,2020-11,4940
1243,MN,2020-12,10203
1244,MO,2016-03,7
1245,MO,2016-04,17
1246,MO,2016-05,21
1247,MO,2016-06,194
1248,MO,2016-07,472
1249,MO,2016-08,638
1250,MO,2016-09,561
1251,MO,2016-10,547
1252,MO,2016-11,623
1253,MO,2016-12,678
1254,MO,2017-01,627
1255,MO,2017-02,521
1256,MO,2017-03,634
1257,MO,2017-04,526
1258,MO,2017-05,458
1259,MO,2017-06,465
1260,MO,2017-07,439
1261,MO,2017-08,816
1262,MO,2017-09,676
1263,MO,2017-10,752
1264,MO,2017-11,698
1265,MO,2017-12,760
1266,MO,2018-01,770
1267,MO,2018-02,810
1268,MO,2018-03,849
1269,MO,2018-04,741
1270,MO,2018-05,769
1271,MO,2018-06,593
1272,MO,2018-07,540
1273,MO,2018-08,641
1274,MO,2018-09,629
1275,MO,2018-10,818
1276,MO,2018-11,948
1277,MO,2018-12,649
1278,MO,2019-01,792
1279,MO,2019-02,1012
1280,MO,2019-03,791
1281,MO,2019-04,959
1282,MO,2019-05,858
1283,MO,2019-06,711
1284,MO,2019-07,680
1285,MO,2019-08,629
1286,MO,2019-09,560
1287,MO,2019-10,802
1288,MO,2019-11,640
1289,MO,2019-12,691
1290,MO,2020-01,640
1291,MO,2020-02,560
1292,MO,2020-03,683
1293,MO,2020-04,734
1294,MO,2020-05,940
1295,MO,2020-06,1074
1296,MO,2020-07,548
1297,MO,2020-08,388
1298,MO,2020-09,781
1299,MO,2020-10,1509
1300,MO,2020-11,1667
1301,MO,2020-12,1617
1302,MS,2016-06,26
1303,MS,2016-07,55
1304,MS,2016-08,88
1305,MS,2016-09,60
1306,MS,2016-10,55
1307,MS,2016-11,59
1308,MS,2016-12,59
1309,MS,2017-01,78
1310,MS,2017-02,65
1311,MS,2017-03,91
1312,MS,2017-04,78
1313,MS,2017-05,17
1314,MS,2017-07,8
1315,MS,2017-08,152
1316,MS,2017-09,147
1317,MS,2017-10,101
1318,MS,2017-11,134
1319,MS,2017-12,166
1320,MS,2018-01,198
1321,MS,2018-02,236
1322,MS,2018-03,197
1323,MS,2018-04,192
1324,MS,2018-05,204
1325,MS,2018-06,165
1326,MS,2018-07,172
1327,MS,2018-08,211
1328,MS,2018-09,244
1329,MS,2018-10,234
1330,MS,2018-11,237
1331,MS,2018-12,247
1332,MS,2019-01,215
1333,MS,2019-02,221
1334,MS,2019-03,175
1335,MS,2019-04,176
1336,MS,2019-05,149
1337,MS,2019-06,128
1338,MS,2019-07,132
1339,MS,2019-08,146
1340,MS,2019-09,121
1341,MS,2019-10,198
1342,MS,2019-11,158
1343,MS,2019-12,166
1344,MS,2020-01,169
1345,MS,2020-02,143
1346,MS,2020-03,76
1347,MS,2020-04,61
1348,MS,2020-05,89
1349,MS,2020-06,87
1350,MS,2020-07,103
1351,MS,2020-08,96
1352,MS,2020-09,195
1353,MS,2020-10,309
1354,MS,2020-11,365
1355,MS,2020-12,401
1356,MT,2016-06,2
1357,MT,2016-07,17
1358,MT,2016-08,7
1359,MT,2016-09,4
1360,MT,2016-10,6
1361,MT,2016-11,10
1362,MT,2016-12,16
1363,MT,2017-01,28
1364,MT,2017-02,18
1365,MT,2017-03,8
1366,MT,2017-04,3
1367,MT,2017-05,7
1368,MT,2017-06,3
1369,MT,2017-07,15
1370,MT,2017-08,4
1371,MT,2017-09,6
1372,MT,2017-10,9
1373,MT,2017-11,15
1374,MT,2017-12,17
1375,MT,2018-01,26
1376,MT,2018-02,57
1377,MT,2018-03,4
1378,MT,2018-04,13
1379,MT,2018-05,5
1380,MT,2018-06,4
1381,MT,2018-07,1
1382,MT,2018-08,3
1383,MT,2018-09,5
1384,MT,2018-10,12
1385,MT,2018-11,8
1386,MT,2018-12,14
1387,MT,2019-01,27
1388,MT,2019-02,43
1389,MT,2019-03,17
1390,MT,2019-04,11
1391,MT,2019-05,5
1392,MT,2019-06,6
1393,MT,2019-07,9
1394,MT,2019-08,5
1395,MT,2019-09,7
1396,MT,2019-10,15
1397,MT,2019-11,10
1398,MT,2019-12,2
1399,MT,2020-01,5
1400,MT,2020-02,2
1401,MT,2020-06,3
1402,MT,2020-09,126
1403,MT,2020-10,766
1404,MT,2020-11,919
1405,MT,2020-12,1032
1406,NC,2016-06,358
1407,NC,2016-07,1041
1408,NC,2016-08,1059
1409,NC,2016-09,693
1410,NC,2016-10,1098
1411,NC,2016-11,928
1412,NC,2016-12,970
1413,NC,2017-01,949
1414,NC,2017-02,1008
1415,NC,2017-03,1406
1416,NC,2017-04,904
1417,NC,2017-05,808
1418,NC,2017-06,858
1419,NC,2017-07,1268
1420,NC,2017-08,5766
1421,NC,2017-09,5584
1422,NC,2017-10,4972
1423,NC,2017-11,5726
1424,NC,2017-12,4845
1425,NC,2018-01,5128
1426,NC,2018-02,5066
1427,NC,2018-03,4321
1428,NC,2018-04,5366
1429,NC,2018-05,5824
1430,NC,2018-06,4221
1431,NC,2018-07,3691
1432,NC,2018-08,4318
1433,NC,2018-09,4049
1434,NC,2018-10,5394
1435,NC,2018-11,4662
1436,NC,2018-12,4193
1437,NC,2019-01,4318
1438,NC,2019-02,3937
1439,NC,2019-03,4186
1440,NC,2019-04,4801
1441,NC,2019-05,3778
1442,NC,2019-06,2827
1443,NC,2019-07,3504
1444,NC,2019-08,4016
1445,NC,2019-09,2893
1446,NC,2019-10,4799
1447,NC,2019-11,3863
1448,NC,2019-12,3065
1449,NC,2020-01,2824
1450,NC,2020-02,2910
1451,NC,2020-03,4218
1452,NC,2020-04,4769
1453,NC,2020-05,3880
1454,NC,2020-06,4897
1455,NC,2020-07,1635
1456,NC,2020-08,1811
1457,NC,2020-09,3570
1458,NC,2020-10,5299
1459,NC,2020-11,7203
1460,NC,2020-12,7980
1461,ND,2016-09,2
1462,ND,2016-12,1
1463,ND,2017-08,2
1464,ND,2017-09,1
1465,ND,2017-12,1
1466,ND,2018-02,1
1467,ND,2018-05,13
1468,ND,2018-07,2
1469,ND,2018-08,1
1470,ND,2018-09,1
1471,ND,2018-11,1
1472,ND,2019-02,8
1473,ND,2019-03,3
1474,ND,2019-05,2
1475,ND,2019-07,2
1476,ND,2019-10,2
1477,ND,2020-05,1
1478,ND,2020-09,4
1479,ND,2020-10,55
1480,ND,2020-11,169
1481,ND,2020-12,197
1482,NE,2016-03,152
1483,NE,2016-04,548
1484,NE,2016-05,578
1485,NE,2016-06,699
1486,NE,2016-07,505
1487,NE,2016-08,741
1488,NE,2016-09,700
1489,NE,2016-10,702
1490,NE,2016-11,626
1491,NE,2016-12,559
1492,NE,2017-01,551
1493,NE,2017-02,536
1494,NE,2017-03,492
1495,NE,2017-04,510
1496,NE,2017-05,407
1497,NE,2017-06,515
1498,NE,2017-07,410
1499,NE,2017-08,536
1500,NE,2017-09,507
1501,NE,2017-10,581
1502,NE,2017-11,587
1503,NE,2017-12,571
1504,NE,2018-01,612
1505,NE,2018-02,553
1506,NE,2018-03,428
1507,NE,2018-04,445
1508,NE,2018-05,480
1509,NE,2018-06,336
1510,NE,2018-07,358
1511,NE,2018-08,521
1512,NE,2018-09,514
1513,NE,2018-10,634
1514,NE,2018-11,466
1515,NE,2018-12,504
1516,NE,2019-01,502
1517,NE,2019-02,554
1518,NE,2019-03,409
1519,NE,2019-04,362
1520,NE,2019-05,426
1521,NE,2019-06,389
1522,NE,2019-07,406
1523,NE,2019-08,286
1524,NE,2019-09,251
1525,NE,2019-10,380
1526,NE,2019-11,326
1527,NE,2019-12,351
1528,NE,2020-01,318
1529,NE,2020-02,261
1530,NE,2020-03,205
1531,NE,2020-04,207
1532,NE,2020-05,228
1533,NE,2020-06,245
1534,NE,2020-07,133
1535,NE,2020-08,135
1536,NE,2020-09,156
1537,NE,2020-10,231
1538,NE,2020-11,128
1539,NE,2020-12,253
1540,NH,2016-03,1
1541,NH,2016-04,21
1542,NH,2016-05,8
1543,NH,2016-06,20
1544,NH,2016-07,33
1545,NH,2016-08,37
1546,NH,2016-09,19
1547,NH,2016-10,29
1548,NH,2016-11,37
1549,NH,2016-12,110
1550,NH,2017-01,105
1551,NH,2017-02,170
1552,NH,2017-03,101
1553,NH,2017-04,91
1554,NH,2017-05,88
1555,NH,2017-06,100
1556,NH,2017-07,112
1557,NH,2017-08,288
1558,NH,2017-09,245
1559,NH,2017-10,231
1560,NH,2017-11,236
1561,NH,2017-12,264
1562,NH,2018-01,237
1563,NH,2018-02,262
1564,NH,2018-03,185
1565,NH,2018-04,137
1566,NH,2018-05,183
1567,NH,2018-06,240
1568,NH,2018-07,167
1569,NH,2018-08,193
1570,NH,2018-09,178
1571,NH,2018-10,201
1572,NH,2018-11,322
1573,NH,2018-12,196
1574,NH,2019-01,297
1575,NH,2019-02,253
1576,NH,2019-03,196
1577,NH,2019-04,186
1578,NH,2019-05,126
1579,NH,2019-06,144
1580,NH,2019-07,175
1581,NH,2019-08,126
1582,NH,2019-09,117
1583,NH,2019-10,178
1584,NH,2019-11,145
1585,NH,2019-12,274
1586,NH,2020-01,199
1587,NH,2020-02,199
1588,NH,2020-03,139
1589,NH,2020-04,106
1590,NH,2020-05,99
1591,NH,2020-06,178
1592,NH,2020-07,78
1593,NH,2020-08,97
1594,NH,2020-09,67
1595,NH,2020-10,126
1596,NH,2020-11,104
1597,NH,2020-12,103
1598,NJ,2016-03,166
1599,NJ,2016-04,521
1600,NJ,2016-05,513
1601,NJ,2016-06,636
1602,NJ,2016-07,768
1603,NJ,2016-08,893
1604,NJ,2016-09,937
1605,NJ,2016-10,1020
1606,NJ,2016-11,1308
1607,NJ,2016-12,1152
1608,NJ,2017-01,1097
1609,NJ,2017-02,1144
1610,NJ,2017-03,1386
1611,NJ,2017-04,1014
1612,NJ,2017-05,1036
1613,NJ,2017-06,1144
1614,NJ,2017-07,946
1615,NJ,2017-08,1271
1616,NJ,2017-09,1142
1617,NJ,2017-10,1473
1618,NJ,2017-11,1316
1619,NJ,2017-12,1102
1620,NJ,2018-01,1265
1621,NJ,2018-02,1251
1622,NJ,2018-03,1485
1623,NJ,2018-04,1236
1624,NJ,2018-05,1292
1625,NJ,2018-06,1322
1626,NJ,2018-07,1073
1627,NJ,2018-08,914
1628,NJ,2018-09,1167
1629,NJ,2018-10,1296
1630,NJ,2018-11,1460
1631,NJ,2018-12,1188
1632,NJ,2019-01,1098
1633,NJ,2019-02,1179
1634,NJ,2019-03,1132
1635,NJ,2019-04,1005
1636,NJ,2019-05,1268
1637,NJ,2019-06,1217
1638,NJ,2019-07,1143
1639,NJ,2019-08,1109
1640,NJ,2019-09,964
1641,NJ,2019-10,1096
1642,NJ,2019-11,792
1643,NJ,2019-12,1003
1644,NJ,2020-01,1165
1645,NJ,2020-02,2604
1646,NJ,2020-03,1152
1647,NJ,2020-04,1370
1648,NJ,2020-05,1241
1649,NJ,2020-06,1591
1650,NJ,2020-07,355
1651,NJ,2020-08,448
1652,NJ,2020-09,1599
1653,NJ,2020-10,2521
1654,NJ,2020-11,2622
1655,NJ,2020-12,2559
1656,NM,2016-06,6
1657,NM,2016-07,24
1658,NM,2016-08,20
1659,NM,2016-09,20
1660,NM,2016-10,22
1661,NM,2016-11,34
1662,NM,2016-12,27
1663,NM,2017-01,16
1664,NM,2017-02,16
1665,NM,2017-03,20
1666,NM,2017-04,29
1667,NM,2017-05,40
1668,NM,2017-06,50
1669,NM,2017-07,58
1670,NM,2017-08,169
1671,NM,2017-09,173
1672,NM,2017-10,204
1673,NM,2017-11,179
1674,NM,2017-12,186
1675,NM,2018-01,154
1676,NM,2018-02,197
1677,NM,2018-03,192
1678,NM,2018-04,154
1679,NM,2018-05,217
1680,NM,2018-06,160
1681,NM,2018-07,93
1682,NM,2018-08,174
1683,NM,2018-09,195
1684,NM,2018-10,195
1685,NM,2018-11,217
1686,NM,2018-12,164
1687,NM,2019-01,181
1688,NM,2019-02,159
1689,NM,2019-03,145
1690,NM,2019-04,153
1691,NM,2019-05,118
1692,NM,2019-06,171
1693,NM,2019-07,112
1694,NM,2019-08,107
1695,NM,2019-09,91
1696,NM,2019-10,122
1697,NM,2019-11,129
1698,NM,2019-12,128
1699,NM,2020-01,95
1700,NM,2020-02,110
1701,NM,2020-03,69
1702,NM,2020-04,35
1703,NM,2020-05,58
1704,NM,2020-06,135
1705,NM,2020-07,74
1706,NM,2020-08,84
1707,NM,2020-09,102
1708,NM,2020-10,267
1709,NM,2020-11,169
1710,NM,2020-12,243
1711,NV,2016-04,3
1712,NV,2016-06,65
1713,NV,2016-07,237
1714,NV,2016-08,285
1715,NV,2016-09,165
1716,NV,2016-10,192
1717,NV,2016-11,250
1718,NV,2016-12,160
1719,NV,2017-01,193
1720,NV,2017-02,143
1721,NV,2017-03,113
1722,NV,2017-04,86
1723,NV,2017-05,171
1724,NV,2017-06,193
1725,NV,2017-07,170
1726,NV,2017-08,289
1727,NV,2017-09,304
1728,NV,2017-10,265
1729,NV,2017-11,339
1730,NV,2017-12,237
1731,NV,2018-01,156
1732,NV,2018-02,258
1733,NV,2018-03,203
1734,NV,2018-04,196
1735,NV,2018-05,212
1736,NV,2018-06,236
1737,NV,2018-07,210
1738,NV,2018-08,262
1739,NV,2018-09,200
1740,NV,2018-10,222
1741,NV,2018-11,250
1742,NV,2018-12,257
1743,NV,2019-01,290
1744,NV,2019-02,365
1745,NV,2019-03,213
1746,NV,2019-04,159
1747,NV,2019-05,230
1748,NV,2019-06,224
1749,NV,2019-07,261
1750,NV,2019-08,301
1751,NV,2019-09,256
1752,NV,2019-10,247
1753,NV,2019-11,213
1754,NV,2019-12,243
1755,NV,2020-01,168
1756,NV,2020-02,147
1757,NV,2020-03,228
1758,NV,2020-04,108
1759,NV,2020-05,210
1760,NV,2020-06,259
1761,NV,2020-07,165
1762,NV,2020-08,181
1763,NV,2020-09,237
1764,NV,2020-10,294
1765,NV,2020-11,214
1766,NV,2020-12,288
1767,NY,2016-03,271
1768,NY,2016-04,737
1769,NY,2016-05,801
1770,NY,2016-06,1490
1771,NY,2016-07,2368
1772,NY,2016-08,2732
1773,NY,2016-09,2665
1774,NY,2016-10,2694
1775,NY,2016-11,3200
1776,NY,2016-12,3068
1777,NY,2017-01,2903
1778,NY,2017-02,2851
1779,NY,2017-03,3011
1780,NY,2017-04,2286
1781,NY,2017-05,2032
1782,NY,2017-06,2753
1783,NY,2017-07,2353
1784,NY,2017-08,4110
1785,NY,2017-09,3729
1786,NY,2017-10,3696
1787,NY,2017-11,3454
1788,NY,2017-12,3699
1789,NY,2018-01,3378
1790,NY,2018-02,2641
1791,NY,2018-03,3026
1792,NY,2018-04,2867
1793,NY,2018-05,2890
1794,NY,2018-06,3455
1795,NY,2018-07,2822
1796,NY,2018-08,2684
1797,NY,2018-09,3122
1798,NY,2018-10,4026
1799,NY,2018-11,4069
1800,NY,2018-12,2979
1801,NY,2019-01,3511
1802,NY,2019-02,3797
1803,NY,2019-03,3356
1804,NY,2019-04,3775
1805,NY,2019-05,4262
1806,NY,2019-06,3914
1807,NY,2019-07,3615
1808,NY,2019-08,3327
1809,NY,2019-09,3282
1810,NY,2019-10,3646
1811,NY,2019-11,3317
1812,NY,2019-12,3135
1813,NY,2020-01,3046
1814,NY,2020-02,3175
1815,NY,2020-03,2911
1816,NY,2020-04,4519
1817,NY,2020-05,4524
1818,NY,2020-06,4854
1819,NY,2020-07,1256
1820,NY,2020-08,1606
1821,NY,2020-09,4164
1822,NY,2020-10,6264
1823,NY,2020-11,7419
1824,NY,2020-12,7976
1825,OH,2016-02,770
1826,OH,2016-03,920
1827,OH,2016-04,994
1828,OH,2016-05,791
1829,OH,2016-06,893
1830,OH,2016-07,951
1831,OH,2016-08,1183
1832,OH,2016-09,1203
1833,OH,2016-10,993
1834,OH,2016-11,1290
1835,OH,2016-12,1342
1836,OH,2017-01,1525
1837,OH,2017-02,1186
1838,OH,2017-03,1105
1839,OH,2017-04,799
1840,OH,2017-05,820
1841,OH,2017-06,918
1842,OH,2017-07,712
1843,OH,2017-08,1296
1844,OH,2017-09,1470
1845,OH,2017-10,1511
1846,OH,2017-11,955
1847,OH,2017-12,1355
1848,OH,2018-01,1489
1849,OH,2018-02,1263
1850,OH,2018-03,1222
1851,OH,2018-04,1140
1852,OH,2018-05,1187
1853,OH,2018-06,1317
1854,OH,2018-07,1175
1855,OH,2018-08,1061
1856,OH,2018-09,1618
1857,OH,2018-10,2459
1858,OH,2018-11,2163
1859,OH,2018-12,1553
1860,OH,2019-01,1538
1861,OH,2019-02,983
1862,OH,2019-03,947
1863,OH,2019-04,1061
1864,OH,2019-05,942
1865,OH,2019-06,771
1866,OH,2019-07,941
1867,OH,2019-08,1046
1868,OH,2019-09,1035
1869,OH,2019-10,1366
1870,OH,2019-11,1305
1871,OH,2019-12,1297
1872,OH,2020-01,1137
1873,OH,2020-02,1122
1874,OH,2020-03,1368
1875,OH,2020-04,2120
1876,OH,2020-05,2046
1877,OH,2020-06,2484
1878,OH,2020-07,646
1879,OH,2020-08,657
1880,OH,2020-09,1017
1881,OH,2020-10,1455
1882,OH,2020-11,1439
1883,OH,2020-12,1809
1884,OK,2016-06,14
1885,OK,2016-07,41
1886,OK,2016-08,103
1887,OK,2016-09,105
1888,OK,2016-10,90
1889,OK,2016-11,94
1890,OK,2016-12,123
1891,OK,2017-01,71
1892,OK,2017-02,87
1893,OK,2017-03,68
1894,OK,2017-04,98
1895,OK,2017-05,84
1896,OK,2017-06,79
1897,OK,2017-07,267
1898,OK,2017-08,1783
1899,OK,2017-09,1959
1900,OK,2017-10,1743
1901,OK,2017-11,1630
1902,OK,2017-12,1892
1903,OK,2018-01,1782
1904,OK,2018-02,1560
1905,OK,2018-03,1721
1906,OK,2018-04,1716
1907,OK,2018-05,2001
1908,OK,2018-06,1465
1909,OK,2018-07,1731
1910,OK,2018-08,1914
1911,OK,2018-09,1418
1912,OK,2018-10,1749
1913,OK,2018-11,1860
1914,OK,2018-12,1569
1915,OK,2019-01,1982
1916,OK,2019-02,1670
1917,OK,2019-03,1717
1918,OK,2019-04,2191
1919,OK,2019-05,2066
1920,OK,2019-06,1705
1921,OK,2019-07,1807
1922,OK,2019-08,1968
1923,OK,2019-09,1391
1924,OK,2019-10,1391
1925,OK,2019-11,1388
1926,OK,2019-12,1207
1927,OK,2020-01,1077
1928,OK,2020-02,1064
1929,OK,2020-03,1259
1930,OK,2020-04,1414
1931,OK,2020-05,1902
1932,OK,2020-06,1989
1933,OK,2020-07,846
1934,OK,2020-08,936
1935,OK,2020-09,863
1936,OK,2020-10,673
1937,OK,2020-11,793
1938,OK,2020-12,755
1939,OR,2016-06,43
1940,OR,2016-07,112
1941,OR,2016-08,128
1942,OR,2016-09,148
1943,OR,2016-10,193
1944,OR,2016-11,199
1945,OR,2016-12,203
1946,OR,2017-01,123
1947,OR,2017-02,130
1948,OR,2017-03,149
1949,OR,2017-04,124
1950,OR,2017-05,147
1951,OR,2017-06,108
1952,OR,2017-07,243
1953,OR,2017-08,839
1954,OR,2017-09,781
1955,OR,2017-10,1423
1956,OR,2017-11,1225
1957,OR,2017-12,876
1958,OR,2018-01,755
1959,OR,2018-02,801
1960,OR,2018-03,806
1961,OR,2018-04,611
1962,OR,2018-05,648
1963,OR,2018-06,712
1964,OR,2018-07,635
1965,OR,2018-08,3246
1966,OR,2018-09,3367
1967,OR,2018-10,2940
1968,OR,2018-11,3802
1969,OR,2018-12,4173
1970,OR,2019-01,3644
1971,OR,2019-02,5971
1972,OR,2019-03,3267
1973,OR,2019-04,2540
1974,OR,2019-05,2066
1975,OR,2019-06,2338
1976,OR,2019-07,3473
1977,OR,2019-08,3875
1978,OR,2019-09,3542
1979,OR,2019-10,3592
1980,OR,2019-11,3199
1981,OR,2019-12,3661
1982,OR,2020-01,4261
1983,OR,2020-02,3086
1984,OR,2020-03,2828
1985,OR,2020-04,2463
1986,OR,2020-05,3250
1987,OR,2020-06,3424
1988,OR,2020-07,240
1989,OR,2020-08,283
1990,OR,2020-09,2242
1991,OR,2020-10,3019
1992,OR,2020-11,5676
1993,OR,2020-12,6722
1994,PA,2016-02,42
1995,PA,2016-03,103
1996,PA,2016-04,282
1997,PA,2016-05,195
1998,PA,2016-06,1076
1999,PA,2016-07,2534
2000,PA,2016-08,3110
2001,PA,2016-09,3219
2002,PA,2016-10,3291
2003,PA,2016-11,4000
2004,PA,2016-12,3349
2005,PA,2017-01,3021
2006,PA,2017-02,2998
2007,PA,2017-03,3135
2008,PA,2017-04,2451
2009,PA,2017-05,1930
2010,PA,2017-06,2353
2011,PA,2017-07,1363
2012,PA,2017-08,2108
2013,PA,2017-09,2441
2014,PA,2017-10,1913
2015,PA,2017-11,1424
2016,PA,2017-12,1736
2017,PA,2018-01,1931
2018,PA,2018-02,1550
2019,PA,2018-03,1878
2020,PA,2018-04,1767
2021,PA,2018-05,2060
2022,PA,2018-06,1823
2023,PA,2018-07,1830
2024,PA,2018-08,1676
2025,PA,2018-09,1815
2026,PA,2018-10,2239
2027,PA,2018-11,2030
2028,PA,2018-12,1619
2029,PA,2019-01,1950
2030,PA,2019-02,1864
2031,PA,2019-03,1704
2032,PA,2019-04,1529
2033,PA,2019-05,1600
2034,PA,2019-06,1512
2035,PA,2019-07,1473
2036,PA,2019-08,1295
2037,PA,2019-09,1431
2038,PA,2019-10,2092
2039,PA,2019-11,1744
2040,PA,2019-12,1905
2041,PA,2020-01,1859
2042,PA,2020-02,1518
2043,PA,2020-03,2548
2044,PA,2020-04,3719
2045,PA,2020-05,3443
2046,PA,2020-06,3307
2047,PA,2020-07,1124
2048,PA,2020-08,1041
2049,PA,2020-09,3247
2050,PA,2020-10,5722
2051,PA,2020-11,8769
2052,PA,2020-12,9361
2053,RI,2016-03,27
2054,RI,2016-04,88
2055,RI,2016-05,81
2056,RI,2016-06,110
2057,RI,2016-07,106
2058,RI,2016-08,163
2059,RI,2016-09,180
2060,RI,2016-10,181
2061,RI,2016-11,249
2062,RI,2016-12,218
2063,RI,2017-01,179
2064,RI,2017-02,207
2065,RI,2017-03,173
2066,RI,2017-04,175
2067,RI,2017-05,187
2068,RI,2017-06,241
2069,RI,2017-07,166
2070,RI,2017-08,312
2071,RI,2017-09,301
2072,RI,2017-10,303
2073,RI,2017-11,326
2074,RI,2017-12,288
2075,RI,2018-01,293
2076,RI,2018-02,229
2077,RI,2018-03,202
2078,RI,2018-04,225
2079,RI,2018-05,257
2080,RI,2018-06,257
2081,RI,2018-07,285
2082,RI,2018-08,313
2083,RI,2018-09,323
2084,RI,2018-10,319
2085,RI,2018-11,322
2086,RI,2018-12,224
2087,RI,2019-01,273
2088,RI,2019-02,273
2089,RI,2019-03,243
2090,RI,2019-04,238
2091,RI,2019-05,243
2092,RI,2019-06,224
2093,RI,2019-07,275
2094,RI,2019-08,226
2095,RI,2019-09,250
2096,RI,2019-10,264
2097,RI,2019-11,242
2098,RI,2019-12,222
2099,RI,2020-01,185
2100,RI,2020-02,197
2101,RI,2020-03,185
2102,RI,2020-04,265
2103,RI,2020-05,204
2104,RI,2020-06,236
2105,RI,2020-07,140
2106,RI,2020-08,151
2107,RI,2020-09,222
2108,RI,2020-10,223
2109,RI,2020-11,192
2110,RI,2020-12,228
2111,SC,2016-06,179
2112,SC,2016-07,350
2113,SC,2016-08,491
2114,SC,2016-09,513
2115,SC,2016-10,464
2116,SC,2016-11,527
2117,SC,2016-12,491
2118,SC,2017-01,501
2119,SC,2017-02,520
2120,SC,2017-03,562
2121,SC,2017-04,463
2122,SC,2017-05,386
2123,SC,2017-06,460
2124,SC,2017-07,741
2125,SC,2017-08,5283
2126,SC,2017-09,4707
2127,SC,2017-10,5283
2128,SC,2017-11,5100
2129,SC,2017-12,4324
2130,SC,2018-01,5154
2131,SC,2018-02,5168
2132,SC,2018-03,5471
2133,SC,2018-04,5394
2134,SC,2018-05,5991
2135,SC,2018-06,3960
2136,SC,2018-07,4073
2137,SC,2018-08,4109
2138,SC,2018-09,3606
2139,SC,2018-10,5064
2140,SC,2018-11,4283
2141,SC,2018-12,4081
2142,SC,2019-01,4387
2143,SC,2019-02,3654
2144,SC,2019-03,4142
2145,SC,2019-04,4827
2146,SC,2019-05,4974
2147,SC,2019-06,4449
2148,SC,2019-07,4776
2149,SC,2019-08,4892
2150,SC,2019-09,5028
2151,SC,2019-10,6199
2152,SC,2019-11,5897
2153,SC,2019-12,5769
2154,SC,2020-01,5036
2155,SC,2020-02,4512
2156,SC,2020-03,4154
2157,SC,2020-04,4445
2158,SC,2020-05,3807
2159,SC,2020-06,4632
2160,SC,2020-07,2981
2161,SC,2020-08,3270
2162,SC,2020-09,5573
2163,SC,2020-10,7965
2164,SC,2020-11,9855
2165,SC,2020-12,9789
2166,SD,2016-04,1
2167,SD,2016-07,1
2168,SD,2016-08,3
2169,SD,2016-11,1
2170,SD,2016-12,2
2171,SD,2017-01,2
2172,SD,2017-02,2
2173,SD,2017-08,2
2174,SD,2017-09,1
2175,SD,2017-11,2
2176,SD,2017-12,3
2177,SD,2018-01,5
2178,SD,2018-08,1
2179,SD,2018-09,1
2180,SD,2018-10,1
2181,SD,2018-11,2
2182,SD,2018-12,3
2183,SD,2019-01,2
2184,SD,2019-02,2
2185,SD,2019-03,7
2186,SD,2019-04,3
2187,SD,2019-05,5
2188,SD,2019-06,2
2189,SD,2019-07,2
2190,SD,2019-09,4
2191,SD,2020-03,1
2192,SD,2020-09,90
2193,SD,2020-10,65
2194,SD,2020-11,3
2195,SD,2020-12,1
2196,TN,2016-06,178
2197,TN,2016-07,241
2198,TN,2016-08,312
2199,TN,2016-09,187
2200,TN,2016-10,188
2201,TN,2016-11,267
2202,TN,2016-12,315
2203,TN,2017-01,221
2204,TN,2017-02,199
2205,TN,2017-03,275
2206,TN,2017-04,266
2207,TN,2017-05,230
2208,TN,2017-06,208
2209,TN,2017-07,454
2210,TN,2017-08,2656
2211,TN,2017-09,2332
2212,TN,2017-10,1215
2213,TN,2017-11,1233
2214,TN,2017-12,1718
2215,TN,2018-01,1853
2216,TN,2018-02,1964
2217,TN,2018-03,1922
2218,TN,2018-04,2184
2219,TN,2018-05,2119
2220,TN,2018-06,1794
2221,TN,2018-07,1701
2222,TN,2018-08,2223
2223,TN,2018-09,2150
2224,TN,2018-10,2542
2225,TN,2018-11,2252
2226,TN,2018-12,1759
2227,TN,2019-01,1791
2228,TN,2019-02,1865
2229,TN,2019-03,1650
2230,TN,2019-04,2376
2231,TN,2019-05,1838
2232,TN,2019-06,1614
2233,TN,2019-07,1485
2234,TN,2019-08,1624
2235,TN,2019-09,1561
2236,TN,2019-10,1814
2237,TN,2019-11,1895
2238,TN,2019-12,1618
2239,TN,2020-01,1587
2240,TN,2020-02,1617
2241,TN,2020-03,1658
2242,TN,2020-04,1640
2243,TN,2020-05,2350
2244,TN,2020-06,2753
2245,TN,2020-07,1531
2246,TN,2020-08,1633
2247,TN,2020-09,2887
2248,TN,2020-10,4120
2249,TN,2020-11,4068
2250,TN,2020-12,4362
2251,TX,2016-06,2399
2252,TX,2016-07,6194
2253,TX,2016-08,7500
2254,TX,2016-09,7932
2255,TX,2016-10,7769
2256,TX,2016-11,9849
2257,TX,2016-12,8122
2258,TX,2017-01,8699
2259,TX,2017-02,7188
2260,TX,2017-03,8610
2261,TX,2017-04,7483
2262,TX,2017-05,5678
2263,TX,2017-06,6336
2264,TX,2017-07,5736
2265,TX,2017-08,7798
2266,TX,2017-09,7090
2267,TX,2017-10,7277
2268,TX,2017-11,6616
2269,TX,2017-12,7023
2270,TX,2018-01,6638
2271,TX,2018-02,7762
2272,TX,2018-03,7257
2273,TX,2018-04,7050
2274,TX,2018-05,7064
2275,TX,2018-06,6401
2276,TX,2018-07,5871
2277,TX,2018-08,6946
2278,TX,2018-09,6588
2279,TX,2018-10,7899
2280,TX,2018-11,7557
2281,TX,2018-12,7012
2282,TX,2019-01,6752
2283,TX,2019-02,6035
2284,TX,2019-03,5497
2285,TX,2019-04,6724
2286,TX,2019-05,6535
2287,TX,2019-06,5765
2288,TX,2019-07,6397
2289,TX,2019-08,7291
2290,TX,2019-09,6734
2291,TX,2019-10,8139
2292,TX,2019-11,6769
2293,TX,2019-12,6073
2294,TX,2020-01,5844
2295,TX,2020-02,5859
2296,TX,2020-03,5002
2297,TX,2020-04,4543
2298,TX,2020-05,4859
2299,TX,2020-06,5119
2300,TX,2020-07,3005
2301,TX,2020-08,3179
2302,TX,2020-09,5703
2303,TX,2020-10,8299
2304,TX,2020-11,12796
2305,TX,2020-12,14182
2306,UT,2016-06,58
2307,UT,2016-07,221
2308,UT,2016-08,164
2309,UT,2016-09,87
2310,UT,2016-10,148
2311,UT,2016-11,158
2312,UT,2016-12,132
2313,UT,2017-01,159
2314,UT,2017-02,94
2315,UT,2017-03,100
2316,UT,2017-04,65
2317,UT,2017-05,138
2318,UT,2017-06,173
2319,UT,2017-07,232
2320,UT,2017-08,810
2321,UT,2017-09,912
2322,UT,2017-10,702
2323,UT,2017-11,620
2324,UT,2017-12,644
2325,UT,2018-01,638
2326,UT,2018-02,951
2327,UT,2018-03,604
2328,UT,2018-04,635
2329,UT,2018-05,711
2330,UT,2018-06,651
2331,UT,2018-07,564
2332,UT,2018-08,725
2333,UT,2018-09,741
2334,UT,2018-10,891
2335,UT,2018-11,1456
2336,UT,2018-12,2587
2337,UT,2019-01,2341
2338,UT,2019-02,2172
2339,UT,2019-03,1927
2340,UT,2019-04,1791
2341,UT,2019-05,2078
2342,UT,2019-06,1885
2343,UT,2019-07,1843
2344,UT,2019-08,2328
2345,UT,2019-09,1829
2346,UT,2019-10,2273
2347,UT,2019-11,1874
2348,UT,2019-12,2273
2349,UT,2020-01,2165
2350,UT,2020-02,1837
2351,UT,2020-03,1700
2352,UT,2020-04,1200
2353,UT,2020-05,1492
2354,UT,2020-06,1905
2355,UT,2020-07,464
2356,UT,2020-08,441
2357,UT,2020-09,738
2358,UT,2020-10,1305
2359,UT,2020-11,1490
2360,UT,2020-12,1888
2361,VA,2016-06,379
2362,VA,2016-07,571
2363,VA,2016-08,802
2364,VA,2016-09,854
2365,VA,2016-10,1058
2366,VA,2016-11,1455
2367,VA,2016-12,1371
2368,VA,2017-01,1122
2369,VA,2017-02,932
2370,VA,2017-03,1180
2371,VA,2017-04,928
2372,VA,2017-05,930
2373,VA,2017-06,954
2374,VA,2017-07,1173
2375,VA,2017-08,3288
2376,VA,2017-09,3027
2377,VA,2017-10,2693
2378,VA,2017-11,2261
2379,VA,2017-12,2248
2380,VA,2018-01,2229
2381,VA,2018-02,1857
2382,VA,2018-03,1967
2383,VA,2018-04,1666
2384,VA,2018-05,1856
2385,VA,2018-06,1803
2386,VA,2018-07,2130
2387,VA,2018-08,2029
2388,VA,2018-09,2307
2389,VA,2018-10,3502
2390,VA,2018-11,3004
2391,VA,2018-12,2678
2392,VA,2019-01,2567
2393,VA,2019-02,2339
2394,VA,2019-03,2265
2395,VA,2019-04,2356
2396,VA,2019-05,2386
2397,VA,2019-06,1817
2398,VA,2019-07,2126
2399,VA,2019-08,1944
2400,VA,2019-09,1702
2401,VA,2019-10,2161
2402,VA,2019-11,1927
2403,VA,2019-12,2117
2404,VA,2020-01,1961
2405,VA,2020-02,1574
2406,VA,2020-03,2445
2407,VA,2020-04,4080
2408,VA,2020-05,2966
2409,VA,2020-06,3091
2410,VA,2020-07,964
2411,VA,2020-08,1201
2412,VA,2020-09,4411
2413,VA,2020-10,7360
2414,VA,2020-11,8483
2415,VA,2020-12,9452
2416,VT,2016-07,3
2417,VT,2016-08,1
2418,VT,2016-09,2
2419,VT,2016-10,1
2420,VT,2016-11,5
2421,VT,2016-12,5
2422,VT,2017-01,3
2423,VT,2017-02,13
2424,VT,2017-03,15
2425,VT,2017-04,3
2426,VT,2017-05,5
2427,VT,2017-06,6
2428,VT,2017-07,9
2429,VT,2017-08,19
2430,VT,2017-09,6
2431,VT,2017-10,19
2432,VT,2017-11,20
2433,VT,2017-12,37
2434,VT,2018-01,19
2435,VT,2018-02,22
2436,VT,2018-03,20
2437,VT,2018-04,12
2438,VT,2018-05,1
2439,VT,2018-06,17
2440,VT,2018-07,7
2441,VT,2018-08,8
2442,VT,2018-09,18
2443,VT,2018-10,15
2444,VT,2018-11,27
2445,VT,2018-12,22
2446,VT,2019-01,21
2447,VT,2019-02,20
2448,VT,2019-03,17
2449,VT,2019-04,8
2450,VT,2019-05,5
2451,VT,2019-06,7
2452,VT,2019-07,27
2453,VT,2019-08,19
2454,VT,2019-09,30
2455,VT,2019-10,21
2456,VT,2019-11,25
2457,VT,2019-12,25
2458,VT,2020-01,22
2459,VT,2020-02,26
2460,VT,2020-03,23
2461,VT,2020-04,10
2462,VT,2020-05,12
2463,VT,2020-06,25
2464,VT,2020-07,12
2465,VT,2020-08,11
2466,VT,2020-09,8
2467,VT,2020-10,16
2468,VT,2020-11,7
2469,VT,2020-12,14
2470,WA,2016-06,634
2471,WA,2016-07,1356
2472,WA,2016-08,1351
2473,WA,2016-09,1281
2474,WA,2016-10,1459
2475,WA,2016-11,1604
2476,WA,2016-12,1630
2477,WA,2017-01,1240
2478,WA,2017-02,1428
2479,WA,2017-03,1352
2480,WA,2017-04,1095
2481,WA,2017-05,1098
2482,WA,2017-06,1238
2483,WA,2017-07,1558
2484,WA,2017-08,1656
2485,WA,2017-09,1831
2486,WA,2017-10,2275
2487,WA,2017-11,1970
2488,WA,2017-12,1706
2489,WA,2018-01,1546
2490,WA,2018-02,1382
2491,WA,2018-03,1496
2492,WA,2018-04,1495
2493,WA,2018-05,1754
2494,WA,2018-06,2044
2495,WA,2018-07,1731
2496,WA,2018-08,1707
2497,WA,2018-09,1366
2498,WA,2018-10,1371
2499,WA,2018-11,1474
2500,WA,2018-12,1552
2501,WA,2019-01,1327
2502,WA,2019-02,1312
2503,WA,2019-03,1160
2504,WA,2019-04,1155
2505,WA,2019-05,1233
2506,WA,2019-06,1053
2507,WA,2019-07,1360
2508,WA,2019-08,1171
2509,WA,2019-09,1270
2510,WA,2019-10,1401
2511,WA,2019-11,1110
2512,WA,2019-12,1135
2513,WA,2020-01,1353
2514,WA,2020-02,972
2515,WA,2020-03,975
2516,WA,2020-04,898
2517,WA,2020-05,1263
2518,WA,2020-06,1721
2519,WA,2020-07,560
2520,WA,2020-08,636
2521,WA,2020-09,932
2522,WA,2020-10,1225
2523,WA,2020-11,1336
2524,WA,2020-12,1467
2525,WI,2016-04,2
2526,WI,2016-05,4
2527,WI,2016-06,99
2528,WI,2016-07,214
2529,WI,2016-08,279
2530,WI,2016-09,197
2531,WI,2016-10,231
2532,WI,2016-11,280
2533,WI,2016-12,256
2534,WI,2017-01,255
2535,WI,2017-02,227
2536,WI,2017-03,242
2537,WI,2017-04,191
2538,WI,2017-05,244
2539,WI,2017-06,239
2540,WI,2017-07,231
2541,WI,2017-08,545
2542,WI,2017-09,523
2543,WI,2017-10,495
2544,WI,2017-11,468
2545,WI,2017-12,443
2546,WI,2018-01,509
2547,WI,2018-02,430
2548,WI,2018-03,375
2549,WI,2018-04,384
2550,WI,2018-05,411
2551,WI,2018-06,403
2552,WI,2018-07,299
2553,WI,2018-08,300
2554,WI,2018-09,348
2555,WI,2018-10,442
2556,WI,2018-11,666
2557,WI,2018-12,464
2558,WI,2019-01,837
2559,WI,2019-02,843
2560,WI,2019-03,509
2561,WI,2019-04,448
2562,WI,2019-05,543
2563,WI,2019-06,450
2564,WI,2019-07,454
2565,WI,2019-08,516
2566,WI,2019-09,638
2567,WI,2019-10,703
2568,WI,2019-11,502
2569,WI,2019-12,446
2570,WI,2020-01,518
2571,WI,2020-02,349
2572,WI,2020-03,286
2573,WI,2020-04,374
2574,WI,2020-05,441
2575,WI,2020-06,568
2576,WI,2020-07,243
2577,WI,2020-08,211
2578,WI,2020-09,206
2579,WI,2020-10,257
2580,WI,2020-11,246
2581,WI,2020-12,235
2582,WV,2016-02,32
2583,WV,2016-03,34
2584,WV,2016-04,32
2585,WV,2016-05,13
2586,WV,2016-06,41
2587,WV,2016-07,81
2588,WV,2016-08,36
2589,WV,2016-09,28
2590,WV,2016-10,32
2591,WV,2016-11,61
2592,WV,2016-12,39
2593,WV,2017-01,53
2594,WV,2017-02,62
2595,WV,2017-03,72
2596,WV,2017-04,51
2597,WV,2017-05,38
2598,WV,2017-06,85
2599,WV,2017-07,94
2600,WV,2017-08,48
2601,WV,2017-09,52
2602,WV,2017-10,52
2603,WV,2017-11,52
2604,WV,2017-12,41
2605,WV,2018-01,45
2606,WV,2018-02,40
2607,WV,2018-03,40
2608,WV,2018-04,62
2609,WV,2018-05,60
2610,WV,2018-06,37
2611,WV,2018-07,46
2612,WV,2018-08,14
2613,WV,2018-09,58
2614,WV,2018-10,90
2615,WV,2018-11,105
2616,WV,2018-12,75
2617,WV,2019-01,51
2618,WV,2019-02,72
2619,WV,2019-03,27
2620,WV,2019-04,50
2621,WV,2019-05,51
2622,WV,2019-06,38
2623,WV,2019-07,58
2624,WV,2019-08,28
2625,WV,2019-09,33
2626,WV,2019-10,43
2627,WV,2019-11,11
2628,WV,2019-12,11
2629,WV,2020-01,35
2630,WV,2020-02,17
2631,WV,2020-03,9
2632,WV,2020-04,29
2633,WV,2020-05,9
2634,WV,2020-06,8
2635,WV,2020-07,4
2636,WV,2020-08,14
2637,WV,2020-09,110
2638,WV,2020-10,236
2639,WV,2020-11,366
2640,WV,2020-12,506
2641,WY,2016-06,1
2642,WY,2016-07,14
2643,WY,2016-08,6
2644,WY,2016-09,8
2645,WY,2016-10,10
2646,WY,2016-11,16
2647,WY,2016-12,14
2648,WY,2017-01,13
2649,WY,2017-02,22
2650,WY,2017-03,10
2651,WY,2017-04,4
2652,WY,2017-05,2
2653,WY,2017-06,6
2654,WY,2017-07,9
2655,WY,2017-08,12
2656,WY,2017-09,9
2657,WY,2017-10,7
2658,WY,2017-11,7
2659,WY,2017-12,11
2660,WY,2018-01,13
2661,WY,2018-02,13
2662,WY,2018-03,16
2663,WY,2018-04,13
2664,WY,2018-05,7
2665,WY,2018-06,14
2666,WY,2018-07,10
2667,WY,2018-08,7
2668,WY,2018-09,8
2669,WY,2018-10,11
2670,WY,2018-11,71
2671,WY,2018-12,16
2672,WY,2019-01,33
2673,WY,2019-02,20
2674,WY,2019-03,5
2675,WY,2019-04,7
2676,WY,2019-05,8
2677,WY,2019-06,3
2678,WY,2019-07,5
2679,WY,2019-08,4
2680,WY,2019-09,7
2681,WY,2019-10,7
2682,WY,2019-11,5
2683,WY,2019-12,8
2684,WY,2020-01,4
2685,WY,2020-03,4
2686,WY,2020-04,4
2687,WY,2020-05,2
2688,WY,2020-06,2
2689,WY,2020-07,1
2690,WY,2020-08,3
2691,WY,2020-10,6
2692,WY,2020-11,1
2693,WY,2020-12,2
